{
  "status": "SUCCESS",
  "best_val_acc": 0.249,
  "best_val_loss": 2.30239585373928,
  "best_epoch": 100,
  "best_val_loss_scaled": 2.30239585373928,
  "runtime_seconds": 734.135929107666,
  "n_params": 770,
  "best_val_loss_batchmean_unscaled": 2.2783018170134826,
  "best_val_acc_batchmean_unscaled": 0.255384610249446,
  "best_epoch_batchmean_unscaled": 100,
  "train_acc_at_best": 0.25538460872112173,
  "train_acc_at_best_batchmean_unscaled": 0.25538460872112173,
  "val_size": 1000,
  "val_idx_hash": "98719e8a995a68acf85af3c718b8ac31b7070a0f50c77ed977ab57cc98723fa6",
  "seed": 42,
  "fold": 1,
  "dataset": "mnist__idx-row_major__k500__p1__s42",
  "model": "linear",
  "building_block_tag": "su4",
  "depth": 4,
  "epochs": 100,
  "batch_size": 100,
  "optimizer": "adam",
  "lr": 0.0008,
  "temperature": 0.0078125,
  "error": null,
  "restart_idx": 0
}