{
  "status": "SUCCESS",
  "best_val_acc": 0.392,
  "best_val_loss": 1.688996296075555,
  "best_epoch": 99,
  "best_val_loss_scaled": 1.688996296075555,
  "val_loss_scaled_mode": "divide",
  "runtime_seconds": 751.5214741230011,
  "n_params": 770,
  "best_val_loss_batchmean_unscaled": 2.2935499209374393,
  "best_val_acc_batchmean_unscaled": 0.39794870828970885,
  "best_epoch_batchmean_unscaled": 100,
  "train_acc_at_best": 0.20615384149818847,
  "train_acc_at_best_batchmean_unscaled": 0.22179486698065048,
  "val_size": 1000,
  "val_idx_hash": "9c2ce599c84532689e3580791eea38393b28834733f165a2ced9889c5ccd20c3",
  "seed": 42,
  "fold": 2,
  "dataset": "mnist__idx-diagonal__k500__p1__s42",
  "model": "linear",
  "building_block_tag": "su4",
  "depth": 4,
  "epochs": 100,
  "batch_size": 100,
  "optimizer": "adam",
  "lr": 0.0008,
  "temperature": 0.0078125,
  "temperature_mode": "divide",
  "error": null,
  "restart_idx": 0
}