{
  "restarts": [
    {
      "status": "SUCCESS",
      "best_val_acc": 0.1,
      "best_val_loss": 2.3025809641091723,
      "best_epoch": 32,
      "best_val_loss_scaled": 2.3025809641091723,
      "runtime_seconds": 310.51188611984253,
      "n_params": 770,
      "best_val_loss_batchmean_unscaled": 2.301339855561247,
      "best_val_acc_batchmean_unscaled": 0.10256410256410256,
      "best_epoch_batchmean_unscaled": 32,
      "train_acc_at_best": 0.10256410256410256,
      "train_acc_at_best_batchmean_unscaled": 0.10256410256410256,
      "val_size": 1000,
      "val_idx_hash": "98719e8a995a68acf85af3c718b8ac31b7070a0f50c77ed977ab57cc98723fa6",
      "seed": 43,
      "fold": 1,
      "dataset": "mnist__idx-row_major__k500__p1__s43",
      "model": "linear",
      "building_block_tag": "su4",
      "depth": 4,
      "epochs": 100,
      "batch_size": 100,
      "optimizer": "adam",
      "lr": 0.0008,
      "temperature": 0.0078125,
      "error": null,
      "restart_idx": 0
    }
  ]
}