{
  "status": "SUCCESS",
  "best_val_acc": 0.382,
  "best_val_loss": 1.6964803066326108,
  "best_epoch": 100,
  "best_val_loss_scaled": 1.6964803066326108,
  "val_loss_scaled_mode": "divide",
  "runtime_seconds": 750.1269364356995,
  "n_params": 770,
  "best_val_loss_batchmean_unscaled": 2.2937278045745937,
  "best_val_acc_batchmean_unscaled": 0.3917948618913308,
  "best_epoch_batchmean_unscaled": 100,
  "train_acc_at_best": 0.22205127632388702,
  "train_acc_at_best_batchmean_unscaled": 0.22205127632388702,
  "val_size": 1000,
  "val_idx_hash": "1a284ca3b451cb1152deb029a069f7fa8f6406397caae2829202c1566b467223",
  "seed": 42,
  "fold": 0,
  "dataset": "mnist__idx-diagonal__k500__p1__s42",
  "model": "linear",
  "building_block_tag": "su4",
  "depth": 4,
  "epochs": 100,
  "batch_size": 100,
  "optimizer": "adam",
  "lr": 0.0008,
  "temperature": 0.0078125,
  "temperature_mode": "divide",
  "error": null,
  "restart_idx": 0
}