{
  "status": "SUCCESS",
  "best_val_acc": 0.22,
  "best_val_loss": 2.2922333787981293,
  "best_epoch": 150,
  "best_val_loss_scaled": 2.2922333787981293,
  "val_loss_scaled_mode": "multiply",
  "runtime_seconds": 6207.1175129413605,
  "n_params": 1070,
  "best_val_loss_batchmean_unscaled": 2.292223969033677,
  "best_val_acc_batchmean_unscaled": 0.22138364275671402,
  "best_epoch_batchmean_unscaled": 150,
  "train_acc_at_best": 0.14761005998032647,
  "train_acc_at_best_batchmean_unscaled": 0.14761005998032647,
  "val_size": 4000,
  "val_idx_hash": "e16a2a13fa9343c84357641000e98ca2b2e32011fb5bd435ea92c71297f107ff",
  "seed": 42,
  "fold": 0,
  "dataset": "mnist__idx-hilbert__k2000__p1__s42",
  "model": "linear",
  "building_block_tag": "su4",
  "depth": 6,
  "epochs": 150,
  "batch_size": 100,
  "optimizer": "adam",
  "lr": 0.0001,
  "temperature": 1.0,
  "temperature_mode": "multiply",
  "error": null,
  "restart_idx": 0
}