{
  "status": "SUCCESS",
  "best_val_acc": 0.22175,
  "best_val_loss": 2.2924459238755768,
  "best_epoch": 150,
  "best_val_loss_scaled": 2.2924459238755768,
  "val_loss_scaled_mode": "multiply",
  "runtime_seconds": 6224.0407836437225,
  "n_params": 1070,
  "best_val_loss_batchmean_unscaled": 2.2924322575459706,
  "best_val_acc_batchmean_unscaled": 0.2231446497564046,
  "best_epoch_batchmean_unscaled": 150,
  "train_acc_at_best": 0.14842766980236433,
  "train_acc_at_best_batchmean_unscaled": 0.14842766980236433,
  "val_size": 4000,
  "val_idx_hash": "9adec24593831bd10d485d4d42d156b452e5cb51d50e8190fca59d667a75827d",
  "seed": 42,
  "fold": 2,
  "dataset": "mnist__idx-hilbert__k2000__p1__s42",
  "model": "linear",
  "building_block_tag": "su4",
  "depth": 6,
  "epochs": 150,
  "batch_size": 100,
  "optimizer": "adam",
  "lr": 0.0001,
  "temperature": 1.0,
  "temperature_mode": "multiply",
  "error": null,
  "restart_idx": 0
}