{
  "restarts": [
    {
      "status": "SUCCESS",
      "best_val_acc": 0.208,
      "best_val_loss": 2.191379147188445,
      "best_epoch": 25,
      "best_val_loss_scaled": 2.191379147188445,
      "val_loss_scaled_mode": "divide",
      "runtime_seconds": 287.34870958328247,
      "n_params": 770,
      "best_val_loss_batchmean_unscaled": 2.300801351612947,
      "best_val_acc_batchmean_unscaled": 0.22256409816252878,
      "best_epoch_batchmean_unscaled": 24,
      "train_acc_at_best": 0.03410256362687319,
      "train_acc_at_best_batchmean_unscaled": 0.02846153801641403,
      "val_size": 1000,
      "val_idx_hash": "e5f3a80c3b1e7054676057ea72168697f9247140f111ed33dc53e0753fbae484",
      "seed": 42,
      "fold": 3,
      "dataset": "mnist__idx-snake__k500__p1__s42",
      "model": "linear",
      "building_block_tag": "su4",
      "depth": 4,
      "epochs": 100,
      "batch_size": 100,
      "optimizer": "adam",
      "lr": 0.0008,
      "temperature": 0.0078125,
      "temperature_mode": "divide",
      "error": null,
      "restart_idx": 0
    }
  ]
}