{
  "status": "SUCCESS",
  "error": null,
  "best_val_loss": 2.3023955821990967,
  "best_val_acc": 0.2460000067949295,
  "best_epoch": 100,
  "train_acc_at_best": 0.2569230794906616,
  "n_params": 770,
  "best_val_loss_scaled": 2.3023955777862817,
  "val_loss_scaled_mode": "multiply",
  "best_val_loss_batchmean_unscaled": 2.278269052505493,
  "best_val_acc_batchmean_unscaled": 0.2523076832294464,
  "best_epoch_batchmean_unscaled": 100,
  "train_acc_at_best_batchmean_unscaled": 0.2569230794906616,
  "val_size": 1000,
  "val_idx_hash": "e5f3a80c3b1e7054676057ea72168697f9247140f111ed33dc53e0753fbae484",
  "runtime_seconds": 805.957316160202
}