{
  "status": "SUCCESS",
  "best_val_acc": 0.19,
  "best_val_loss": 2.2160595448927554,
  "best_epoch": 22,
  "best_val_loss_scaled": 2.2160595448927554,
  "val_loss_scaled_mode": "divide",
  "runtime_seconds": 263.9695417881012,
  "n_params": 770,
  "best_val_loss_batchmean_unscaled": 2.301074397821518,
  "best_val_acc_batchmean_unscaled": 0.1948717876504629,
  "best_epoch_batchmean_unscaled": 22,
  "train_acc_at_best": 0.01769230662821195,
  "train_acc_at_best_batchmean_unscaled": 0.01769230662821195,
  "val_size": 1000,
  "val_idx_hash": "98719e8a995a68acf85af3c718b8ac31b7070a0f50c77ed977ab57cc98723fa6",
  "seed": 42,
  "fold": 1,
  "dataset": "mnist__idx-snake__k500__p1__s42",
  "model": "linear",
  "building_block_tag": "su4",
  "depth": 4,
  "epochs": 100,
  "batch_size": 100,
  "optimizer": "adam",
  "lr": 0.0008,
  "temperature": 0.0078125,
  "temperature_mode": "divide",
  "error": null,
  "restart_idx": 0
}