loss_train,accuracy_train,loss_val,accuracy_val,loss_val_scaled,accuracy_val_sampleweighted
2.305565118789673,0.11019284278154373,2.302539348602295,0.11363636702299118,2.5129497051239014,0.10000000149011612
2.302764892578125,0.10695187002420425,2.302541732788086,0.10101009905338287,2.3451685905456543,0.10000000149011612
2.302643060684204,0.10695187002420425,2.3025546073913574,0.10606060922145844,2.3114562034606934,0.10000000149011612
2.3028359413146973,0.0,2.302548885345459,0.11363636702299118,2.307098865509033,0.10000000149011612
2.302973747253418,0.0,2.302539587020874,0.11363636702299118,2.306494951248169,0.10000000149011612
2.3030169010162354,0.01652892678976059,2.302536725997925,0.11363636702299118,2.3049261569976807,0.10000000149011612
2.3030104637145996,0.0,2.3025379180908203,0.11363636702299118,2.3038196563720703,0.10000000149011612
2.3029932975769043,0.0,2.302539348602295,0.11363636702299118,2.3034400939941406,0.10000000149011612
2.3029820919036865,0.0,2.302539348602295,0.11363636702299118,2.3034238815307617,0.10000000149011612
2.3029792308807373,0.0,2.302539110183716,0.11363636702299118,2.3035154342651367,0.10000000149011612
2.302980422973633,0.0,2.3025388717651367,0.11363636702299118,2.3035848140716553,0.10000000149011612
2.3029823303222656,0.0,2.3025388717651367,0.11363636702299118,2.3036017417907715,0.10000000149011612
2.302983283996582,0.0,2.302539110183716,0.11363636702299118,2.3035895824432373,0.10000000149011612
2.302983283996582,0.0,2.302539110183716,0.11363636702299118,2.3035733699798584,0.10000000149011612
2.302983045578003,0.0,2.302539110183716,0.11363636702299118,2.303562641143799,0.10000000149011612
2.302982807159424,0.0,2.302539110183716,0.11363636702299118,2.303556442260742,0.10000000149011612
2.3029825687408447,0.0,2.302539110183716,0.11363636702299118,2.30355167388916,0.10000000149011612
2.3029825687408447,0.0,2.302539110183716,0.11363636702299118,2.30354642868042,0.10000000149011612
2.3029823303222656,0.0,2.302539110183716,0.11363636702299118,2.303539991378784,0.10000000149011612
