{
  "status": "SUCCESS",
  "best_val_acc": 0.381,
  "best_val_loss": 1.7254443286499237,
  "best_epoch": 99,
  "best_val_loss_scaled": 1.7254443286499237,
  "val_loss_scaled_mode": "divide",
  "runtime_seconds": 750.4992904663086,
  "n_params": 770,
  "best_val_loss_batchmean_unscaled": 2.2940007388946912,
  "best_val_acc_batchmean_unscaled": 0.38153845148208815,
  "best_epoch_batchmean_unscaled": 100,
  "train_acc_at_best": 0.16230768801119083,
  "train_acc_at_best_batchmean_unscaled": 0.1584615330092418,
  "val_size": 1000,
  "val_idx_hash": "98719e8a995a68acf85af3c718b8ac31b7070a0f50c77ed977ab57cc98723fa6",
  "seed": 42,
  "fold": 1,
  "dataset": "mnist__idx-vertical_snake__k500__p1__s42",
  "model": "linear",
  "building_block_tag": "su4",
  "depth": 4,
  "epochs": 100,
  "batch_size": 100,
  "optimizer": "adam",
  "lr": 0.0008,
  "temperature": 0.0078125,
  "temperature_mode": "divide",
  "error": null,
  "restart_idx": 0
}