{
  "status": "SUCCESS",
  "best_val_acc": 0.246,
  "best_val_loss": 2.3023838559493615,
  "best_epoch": 100,
  "best_val_loss_scaled": 2.3023838559493615,
  "runtime_seconds": 733.3913815021515,
  "n_params": 770,
  "best_val_loss_batchmean_unscaled": 2.276894283306651,
  "best_val_acc_batchmean_unscaled": 0.25230768399360853,
  "best_epoch_batchmean_unscaled": 100,
  "train_acc_at_best": 0.25564102026132435,
  "train_acc_at_best_batchmean_unscaled": 0.25564102026132435,
  "val_size": 1000,
  "val_idx_hash": "9c2ce599c84532689e3580791eea38393b28834733f165a2ced9889c5ccd20c3",
  "seed": 42,
  "fold": 2,
  "dataset": "mnist__idx-row_major__k500__p1__s42",
  "model": "linear",
  "building_block_tag": "su4",
  "depth": 4,
  "epochs": 100,
  "batch_size": 100,
  "optimizer": "adam",
  "lr": 0.0008,
  "temperature": 0.0078125,
  "error": null,
  "restart_idx": 0
}