{
  "restarts": [
    {
      "status": "SUCCESS",
      "best_val_acc": 0.353,
      "best_val_loss": 1.7421348238899013,
      "best_epoch": 100,
      "best_val_loss_scaled": 1.7421348238899013,
      "val_loss_scaled_mode": "divide",
      "runtime_seconds": 750.7809555530548,
      "n_params": 770,
      "best_val_loss_batchmean_unscaled": 2.2943401752152517,
      "best_val_acc_batchmean_unscaled": 0.3620512703290352,
      "best_epoch_batchmean_unscaled": 100,
      "train_acc_at_best": 0.1558974320307756,
      "train_acc_at_best_batchmean_unscaled": 0.1558974320307756,
      "val_size": 1000,
      "val_idx_hash": "9c2ce599c84532689e3580791eea38393b28834733f165a2ced9889c5ccd20c3",
      "seed": 42,
      "fold": 2,
      "dataset": "mnist__idx-vertical_snake__k500__p1__s42",
      "model": "linear",
      "building_block_tag": "su4",
      "depth": 4,
      "epochs": 100,
      "batch_size": 100,
      "optimizer": "adam",
      "lr": 0.0008,
      "temperature": 0.0078125,
      "temperature_mode": "divide",
      "error": null,
      "restart_idx": 0
    }
  ]
}