{
  "status": "SUCCESS",
  "error": null,
  "best_val_loss": 2.3026366233825684,
  "best_val_acc": 0.1000000014901161,
  "best_epoch": 30,
  "train_acc_at_best": 0.125,
  "n_params": 650,
  "best_val_loss_scaled": 2.302636630263262,
  "best_val_loss_batchmean_unscaled": 2.290535449981689,
  "best_val_acc_batchmean_unscaled": 0.125,
  "best_epoch_batchmean_unscaled": 3,
  "train_acc_at_best_batchmean_unscaled": 0.125,
  "val_size": 20,
  "val_idx_hash": "6f3a05ef7b605c6a374cec199a7cafd37c86b4292d50408ad328b7f9d09f3fa1",
  "runtime_seconds": 228.92532682418823
}