{
  "status": "SUCCESS",
  "error": null,
  "best_val_loss": 2.302395820617676,
  "best_val_acc": 0.248999997973442,
  "best_epoch": 100,
  "train_acc_at_best": 0.2553845942020416,
  "n_params": 770,
  "best_val_loss_scaled": 2.30239585373928,
  "val_loss_scaled_mode": "multiply",
  "best_val_loss_batchmean_unscaled": 2.27830171585083,
  "best_val_acc_batchmean_unscaled": 0.255384624004364,
  "best_epoch_batchmean_unscaled": 100,
  "train_acc_at_best_batchmean_unscaled": 0.2553845942020416,
  "val_size": 1000,
  "val_idx_hash": "98719e8a995a68acf85af3c718b8ac31b7070a0f50c77ed977ab57cc98723fa6",
  "runtime_seconds": 807.8717203140259
}