{
  "status": "SUCCESS",
  "best_val_acc": 0.1,
  "best_val_loss": 2.302583424589358,
  "best_epoch": 27,
  "best_val_loss_scaled": 2.302583424589358,
  "runtime_seconds": 273.3046860694885,
  "n_params": 770,
  "best_val_loss_batchmean_unscaled": 2.3010304276593123,
  "best_val_acc_batchmean_unscaled": 0.10256410256410256,
  "best_epoch_batchmean_unscaled": 36,
  "train_acc_at_best": 0.10256410256410256,
  "train_acc_at_best_batchmean_unscaled": 0.13179487181015503,
  "val_size": 1000,
  "val_idx_hash": "1a284ca3b451cb1152deb029a069f7fa8f6406397caae2829202c1566b467223",
  "seed": 43,
  "fold": 0,
  "dataset": "mnist__idx-hilbert__k500__p1__s43",
  "model": "linear",
  "building_block_tag": "su4",
  "depth": 4,
  "epochs": 100,
  "batch_size": 100,
  "optimizer": "adam",
  "lr": 0.0008,
  "temperature": 0.0078125,
  "error": null,
  "restart_idx": 0
}