{
  "restarts": [
    {
      "status": "SUCCESS",
      "best_val_acc": 0.378,
      "best_val_loss": 1.6874279831725354,
      "best_epoch": 100,
      "best_val_loss_scaled": 1.6874279831725354,
      "val_loss_scaled_mode": "divide",
      "runtime_seconds": 802.2456784248352,
      "n_params": 770,
      "best_val_loss_batchmean_unscaled": 2.2928990636638478,
      "best_val_acc_batchmean_unscaled": 0.3876922959700609,
      "best_epoch_batchmean_unscaled": 100,
      "train_acc_at_best": 0.2010256384905332,
      "train_acc_at_best_batchmean_unscaled": 0.2010256384905332,
      "val_size": 1000,
      "val_idx_hash": "1a284ca3b451cb1152deb029a069f7fa8f6406397caae2829202c1566b467223",
      "seed": 42,
      "fold": 0,
      "dataset": "mnist__idx-row_major__k500__p1__s42",
      "model": "linear",
      "building_block_tag": "su4",
      "depth": 4,
      "epochs": 100,
      "batch_size": 100,
      "optimizer": "adam",
      "lr": 0.0008,
      "temperature": 0.0078125,
      "temperature_mode": "divide",
      "error": null,
      "restart_idx": 0
    }
  ]
}