{
  "status": "SUCCESS",
  "error": null,
  "best_val_loss": 2.3025834560394287,
  "best_val_acc": 0.1000000014901161,
  "best_epoch": 31,
  "train_acc_at_best": 0.0,
  "n_params": 770,
  "best_val_loss_scaled": 2.3025834532091958,
  "val_loss_scaled_mode": "multiply",
  "best_val_loss_batchmean_unscaled": 2.302011489868164,
  "best_val_acc_batchmean_unscaled": 0.1025641039013862,
  "best_epoch_batchmean_unscaled": 31,
  "train_acc_at_best_batchmean_unscaled": 0.0,
  "val_size": 1000,
  "val_idx_hash": "1a284ca3b451cb1152deb029a069f7fa8f6406397caae2829202c1566b467223",
  "runtime_seconds": 340.606162071228
}