{
  "status": "SUCCESS",
  "error": null,
  "best_val_loss": 2.3025834560394287,
  "best_val_acc": 0.1000000014901161,
  "best_epoch": 31,
  "train_acc_at_best": 0.0,
  "n_params": 770,
  "best_val_loss_scaled": 2.3025833574978494,
  "val_loss_scaled_mode": "multiply",
  "best_val_loss_batchmean_unscaled": 2.301999092102051,
  "best_val_acc_batchmean_unscaled": 0.1025641039013862,
  "best_epoch_batchmean_unscaled": 31,
  "train_acc_at_best_batchmean_unscaled": 0.0,
  "val_size": 1000,
  "val_idx_hash": "6c59fdd79c47be59500b2ab7b0ca90341116e273f4e642f01d2e60a49433d562",
  "runtime_seconds": 339.6016809940338
}