{
  "status": "SUCCESS",
  "best_val_acc": 0.366,
  "best_val_loss": 1.7814968298824307,
  "best_epoch": 69,
  "best_val_loss_scaled": 1.7814968298824307,
  "val_loss_scaled_mode": "divide",
  "runtime_seconds": 640.2740807533264,
  "n_params": 770,
  "best_val_loss_batchmean_unscaled": 2.294934646318789,
  "best_val_acc_batchmean_unscaled": 0.3753846064209938,
  "best_epoch_batchmean_unscaled": 69,
  "train_acc_at_best": 0.15384615207902896,
  "train_acc_at_best_batchmean_unscaled": 0.15384615207902896,
  "val_size": 1000,
  "val_idx_hash": "6c59fdd79c47be59500b2ab7b0ca90341116e273f4e642f01d2e60a49433d562",
  "seed": 42,
  "fold": 4,
  "dataset": "mnist__idx-row_major__k500__p1__s42",
  "model": "linear",
  "building_block_tag": "su4",
  "depth": 4,
  "epochs": 100,
  "batch_size": 100,
  "optimizer": "adam",
  "lr": 0.0008,
  "temperature": 0.0078125,
  "temperature_mode": "divide",
  "error": null,
  "restart_idx": 0
}