{
  "restarts": [
    {
      "status": "SUCCESS",
      "best_val_acc": 0.243,
      "best_val_loss": 2.3023897805785163,
      "best_epoch": 100,
      "best_val_loss_scaled": 2.3023897805785163,
      "runtime_seconds": 761.5488653182983,
      "n_params": 770,
      "best_val_loss_batchmean_unscaled": 2.2776776361987747,
      "best_val_acc_batchmean_unscaled": 0.24923076385106796,
      "best_epoch_batchmean_unscaled": 100,
      "train_acc_at_best": 0.2546153786854866,
      "train_acc_at_best_batchmean_unscaled": 0.2546153786854866,
      "val_size": 1000,
      "val_idx_hash": "1a284ca3b451cb1152deb029a069f7fa8f6406397caae2829202c1566b467223",
      "seed": 42,
      "fold": 0,
      "dataset": "mnist__idx-row_major__k500__p1__s42",
      "model": "linear",
      "building_block_tag": "su4",
      "depth": 4,
      "epochs": 100,
      "batch_size": 100,
      "optimizer": "adam",
      "lr": 0.0008,
      "temperature": 0.0078125,
      "error": null,
      "restart_idx": 0
    }
  ]
}