{
  "status": "SUCCESS",
  "best_val_acc": 0.359,
  "best_val_loss": 1.929118908037094,
  "best_epoch": 46,
  "best_val_loss_scaled": 1.929118908037094,
  "val_loss_scaled_mode": "divide",
  "runtime_seconds": 455.613888502121,
  "n_params": 770,
  "best_val_loss_batchmean_unscaled": 2.2974449254058937,
  "best_val_acc_batchmean_unscaled": 0.3682051190198996,
  "best_epoch_batchmean_unscaled": 46,
  "train_acc_at_best": 0.10435897021148449,
  "train_acc_at_best_batchmean_unscaled": 0.10435897021148449,
  "val_size": 1000,
  "val_idx_hash": "9c2ce599c84532689e3580791eea38393b28834733f165a2ced9889c5ccd20c3",
  "seed": 42,
  "fold": 2,
  "dataset": "mnist__idx-row_major__k500__p1__s42",
  "model": "linear",
  "building_block_tag": "su4",
  "depth": 4,
  "epochs": 100,
  "batch_size": 100,
  "optimizer": "adam",
  "lr": 0.0008,
  "temperature": 0.0078125,
  "temperature_mode": "divide",
  "error": null,
  "restart_idx": 0
}