{
  "restarts": [
    {
      "status": "SUCCESS",
      "best_val_acc": 0.395,
      "best_val_loss": 1.687976040599468,
      "best_epoch": 100,
      "best_val_loss_scaled": 1.687976040599468,
      "val_loss_scaled_mode": "divide",
      "runtime_seconds": 750.0584380626678,
      "n_params": 770,
      "best_val_loss_batchmean_unscaled": 2.29406481083343,
      "best_val_acc_batchmean_unscaled": 0.40512819320727617,
      "best_epoch_batchmean_unscaled": 100,
      "train_acc_at_best": 0.20205127782164475,
      "train_acc_at_best_batchmean_unscaled": 0.20205127782164475,
      "val_size": 1000,
      "val_idx_hash": "6c59fdd79c47be59500b2ab7b0ca90341116e273f4e642f01d2e60a49433d562",
      "seed": 42,
      "fold": 4,
      "dataset": "mnist__idx-diagonal__k500__p1__s42",
      "model": "linear",
      "building_block_tag": "su4",
      "depth": 4,
      "epochs": 100,
      "batch_size": 100,
      "optimizer": "adam",
      "lr": 0.0008,
      "temperature": 0.0078125,
      "temperature_mode": "divide",
      "error": null,
      "restart_idx": 0
    }
  ]
}