{
  "status": "SUCCESS",
  "best_val_acc": 0.285,
  "best_val_loss": 2.0279858015221204,
  "best_epoch": 40,
  "best_val_loss_scaled": 2.0279858015221204,
  "val_loss_scaled_mode": "divide",
  "runtime_seconds": 405.18924498558044,
  "n_params": 770,
  "best_val_loss_batchmean_unscaled": 2.2988324908116042,
  "best_val_acc_batchmean_unscaled": 0.3148717885980239,
  "best_epoch_batchmean_unscaled": 41,
  "train_acc_at_best": 0.09102563860897835,
  "train_acc_at_best_batchmean_unscaled": 0.09410256190368763,
  "val_size": 1000,
  "val_idx_hash": "e5f3a80c3b1e7054676057ea72168697f9247140f111ed33dc53e0753fbae484",
  "seed": 42,
  "fold": 3,
  "dataset": "mnist__idx-row_major__k500__p1__s42",
  "model": "linear",
  "building_block_tag": "su4",
  "depth": 4,
  "epochs": 100,
  "batch_size": 100,
  "optimizer": "adam",
  "lr": 0.0008,
  "temperature": 0.0078125,
  "temperature_mode": "divide",
  "error": null,
  "restart_idx": 0
}