{
  "status": "SUCCESS",
  "best_val_acc": 0.365,
  "best_val_loss": 1.754045413266194,
  "best_epoch": 100,
  "best_val_loss_scaled": 1.754045413266194,
  "val_loss_scaled_mode": "divide",
  "runtime_seconds": 749.5219566822052,
  "n_params": 770,
  "best_val_loss_batchmean_unscaled": 2.2942127623702655,
  "best_val_acc_batchmean_unscaled": 0.3743589650361966,
  "best_epoch_batchmean_unscaled": 100,
  "train_acc_at_best": 0.1569230705499649,
  "train_acc_at_best_batchmean_unscaled": 0.1569230705499649,
  "val_size": 1000,
  "val_idx_hash": "e5f3a80c3b1e7054676057ea72168697f9247140f111ed33dc53e0753fbae484",
  "seed": 42,
  "fold": 3,
  "dataset": "mnist__idx-vertical_snake__k500__p1__s42",
  "model": "linear",
  "building_block_tag": "su4",
  "depth": 4,
  "epochs": 100,
  "batch_size": 100,
  "optimizer": "adam",
  "lr": 0.0008,
  "temperature": 0.0078125,
  "temperature_mode": "divide",
  "error": null,
  "restart_idx": 0
}