{
  "status": "SUCCESS",
  "error": null,
  "best_val_loss": 2.3023898601531982,
  "best_val_acc": 0.2430000007152557,
  "best_epoch": 100,
  "train_acc_at_best": 0.2546153664588928,
  "n_params": 770,
  "best_val_loss_scaled": 2.3023897805785163,
  "val_loss_scaled_mode": "multiply",
  "best_val_loss_batchmean_unscaled": 2.277677536010742,
  "best_val_acc_batchmean_unscaled": 0.24923075735569,
  "best_epoch_batchmean_unscaled": 100,
  "train_acc_at_best_batchmean_unscaled": 0.2546153664588928,
  "val_size": 1000,
  "val_idx_hash": "1a284ca3b451cb1152deb029a069f7fa8f6406397caae2829202c1566b467223",
  "runtime_seconds": 833.4789845943451
}