{
  "restarts": [
    {
      "status": "SUCCESS",
      "best_val_acc": 0.1,
      "best_val_loss": 2.3025833493289873,
      "best_epoch": 27,
      "best_val_loss_scaled": 2.3025833493289873,
      "runtime_seconds": 274.13211131095886,
      "n_params": 770,
      "best_val_loss_batchmean_unscaled": 2.3013611128963114,
      "best_val_acc_batchmean_unscaled": 0.10256410256410256,
      "best_epoch_batchmean_unscaled": 36,
      "train_acc_at_best": 0.10256410256410256,
      "train_acc_at_best_batchmean_unscaled": 0.10256410256410256,
      "val_size": 1000,
      "val_idx_hash": "9c2ce599c84532689e3580791eea38393b28834733f165a2ced9889c5ccd20c3",
      "seed": 43,
      "fold": 2,
      "dataset": "mnist__idx-hilbert__k500__p1__s43",
      "model": "linear",
      "building_block_tag": "su4",
      "depth": 4,
      "epochs": 100,
      "batch_size": 100,
      "optimizer": "adam",
      "lr": 0.0008,
      "temperature": 0.0078125,
      "error": null,
      "restart_idx": 0
    }
  ]
}