{
  "status": "SUCCESS",
  "error": null,
  "best_val_loss": 2.3023972511291504,
  "best_val_acc": 0.257999986410141,
  "best_epoch": 100,
  "train_acc_at_best": 0.25,
  "n_params": 770,
  "best_val_loss_scaled": 2.3023972730657674,
  "val_loss_scaled_mode": "multiply",
  "best_val_loss_batchmean_unscaled": 2.278573513031006,
  "best_val_acc_batchmean_unscaled": 0.264615386724472,
  "best_epoch_batchmean_unscaled": 100,
  "train_acc_at_best_batchmean_unscaled": 0.25,
  "val_size": 1000,
  "val_idx_hash": "6c59fdd79c47be59500b2ab7b0ca90341116e273f4e642f01d2e60a49433d562",
  "runtime_seconds": 806.3019549846649
}