{
  "status": "SUCCESS",
  "best_val_acc": 0.384,
  "best_val_loss": 1.73493745026095,
  "best_epoch": 98,
  "best_val_loss_scaled": 1.73493745026095,
  "val_loss_scaled_mode": "divide",
  "runtime_seconds": 747.5109393596649,
  "n_params": 770,
  "best_val_loss_batchmean_unscaled": 2.294116149186852,
  "best_val_acc_batchmean_unscaled": 0.37743588861746663,
  "best_epoch_batchmean_unscaled": 97,
  "train_acc_at_best": 0.15923076433440048,
  "train_acc_at_best_batchmean_unscaled": 0.15820512428688696,
  "val_size": 1000,
  "val_idx_hash": "6c59fdd79c47be59500b2ab7b0ca90341116e273f4e642f01d2e60a49433d562",
  "seed": 42,
  "fold": 4,
  "dataset": "mnist__idx-vertical_snake__k500__p1__s42",
  "model": "linear",
  "building_block_tag": "su4",
  "depth": 4,
  "epochs": 100,
  "batch_size": 100,
  "optimizer": "adam",
  "lr": 0.0008,
  "temperature": 0.0078125,
  "temperature_mode": "divide",
  "error": null,
  "restart_idx": 0
}