{
  "status": "SUCCESS",
  "best_val_acc": 0.391,
  "best_val_loss": 1.6900141357534897,
  "best_epoch": 99,
  "best_val_loss_scaled": 1.6900141357534897,
  "val_loss_scaled_mode": "divide",
  "runtime_seconds": 750.6940402984619,
  "n_params": 770,
  "best_val_loss_batchmean_unscaled": 2.293704830662277,
  "best_val_acc_batchmean_unscaled": 0.40307691292120856,
  "best_epoch_batchmean_unscaled": 100,
  "train_acc_at_best": 0.22564101983339357,
  "train_acc_at_best_batchmean_unscaled": 0.23307691686428508,
  "val_size": 1000,
  "val_idx_hash": "98719e8a995a68acf85af3c718b8ac31b7070a0f50c77ed977ab57cc98723fa6",
  "seed": 42,
  "fold": 1,
  "dataset": "mnist__idx-diagonal__k500__p1__s42",
  "model": "linear",
  "building_block_tag": "su4",
  "depth": 4,
  "epochs": 100,
  "batch_size": 100,
  "optimizer": "adam",
  "lr": 0.0008,
  "temperature": 0.0078125,
  "temperature_mode": "divide",
  "error": null,
  "restart_idx": 0
}