loss_train,accuracy_train,loss_val,accuracy_val,loss_val_scaled,accuracy_val_sampleweighted
2.305572986602783,0.11019284278154373,2.3025405406951904,0.11363636702299118,2.5123801231384277,0.10000000149011612
2.302769899368286,0.10695187002420425,2.3025405406951904,0.10101009905338287,2.3451857566833496,0.10000000149011612
2.3026461601257324,0.10695187002420425,2.3025524616241455,0.10606060922145844,2.311353921890259,0.10000000149011612
2.3028390407562256,0.0,2.302546977996826,0.11363636702299118,2.3071234226226807,0.10000000149011612
2.3029773235321045,0.0,2.3025383949279785,0.11363636702299118,2.3066234588623047,0.10000000149011612
2.30302095413208,0.013774105347692966,2.3025360107421875,0.11363636702299118,2.3050568103790283,0.10000000149011612
2.3030147552490234,0.0,2.302537441253662,0.11363636702299118,2.303943157196045,0.10000000149011612
2.30299711227417,0.0,2.3025388717651367,0.11363636702299118,2.303567409515381,0.10000000149011612
2.3029861450195312,0.0,2.302539110183716,0.11363636702299118,2.303560256958008,0.10000000149011612
2.302983283996582,0.0,2.3025388717651367,0.11363636702299118,2.3036625385284424,0.10000000149011612
2.3029844760894775,0.0,2.3025386333465576,0.11363636702299118,2.303741455078125,0.10000000149011612
2.3029863834381104,0.0,2.3025388717651367,0.11363636702299118,2.303767204284668,0.10000000149011612
2.3029873371124268,0.0,2.302539110183716,0.11363636702299118,2.3037633895874023,0.10000000149011612
2.3029873371124268,0.0,2.302539348602295,0.11363636702299118,2.303755521774292,0.10000000149011612
2.3029870986938477,0.0,2.302539348602295,0.11363636702299118,2.30375337600708,0.10000000149011612
2.3029868602752686,0.0,2.302539587020874,0.11363636702299118,2.30375599861145,0.10000000149011612
2.3029866218566895,0.0,2.302539587020874,0.11363636702299118,2.303759813308716,0.10000000149011612
2.3029866218566895,0.0,2.302539825439453,0.11363636702299118,2.3037631511688232,0.10000000149011612
2.3029866218566895,0.0,2.302539825439453,0.11363636702299118,2.3037657737731934,0.10000000149011612
