{
  "restarts": [
    {
      "status": "SUCCESS",
      "best_val_acc": 0.368,
      "best_val_loss": 1.8912057708790664,
      "best_epoch": 100,
      "best_val_loss_scaled": 1.8912057708790664,
      "val_loss_scaled_mode": "divide",
      "runtime_seconds": 749.1375999450684,
      "n_params": 770,
      "best_val_loss_batchmean_unscaled": 2.297028579928758,
      "best_val_acc_batchmean_unscaled": 0.37743588517873716,
      "best_epoch_batchmean_unscaled": 100,
      "train_acc_at_best": 0.14102563667946902,
      "train_acc_at_best_batchmean_unscaled": 0.14102563667946902,
      "val_size": 1000,
      "val_idx_hash": "e5f3a80c3b1e7054676057ea72168697f9247140f111ed33dc53e0753fbae484",
      "seed": 42,
      "fold": 3,
      "dataset": "mnist__idx-diagonal_zigzag__k500__p1__s42",
      "model": "linear",
      "building_block_tag": "su4",
      "depth": 4,
      "epochs": 100,
      "batch_size": 100,
      "optimizer": "adam",
      "lr": 0.0008,
      "temperature": 0.0078125,
      "temperature_mode": "divide",
      "error": null,
      "restart_idx": 0
    }
  ]
}