{
  "status": "SUCCESS",
  "error": null,
  "best_val_loss": 2.302583694458008,
  "best_val_acc": 0.1000000014901161,
  "best_epoch": 30,
  "train_acc_at_best": 0.0,
  "n_params": 770,
  "best_val_loss_scaled": 2.302583659826937,
  "val_loss_scaled_mode": "multiply",
  "best_val_loss_batchmean_unscaled": 2.302032709121704,
  "best_val_acc_batchmean_unscaled": 0.1025641039013862,
  "best_epoch_batchmean_unscaled": 31,
  "train_acc_at_best_batchmean_unscaled": 0.0,
  "val_size": 1000,
  "val_idx_hash": "98719e8a995a68acf85af3c718b8ac31b7070a0f50c77ed977ab57cc98723fa6",
  "runtime_seconds": 331.0100431442261
}